,bytes,time
0,1,731.73
1,5001,350.58
2,10001,983.3260869565217
3,15001,1409.4954954954956
4,20001,4317.987804878048
5,25001,11102.583333333334
6,90001,27884.635542168675
