,bytes,time
0,1,726.5
1,5001,506.04
2,10001,1724.1
3,15001,8766.42
4,55001,27571.196261682242
5,95001,30526.252336448597
